City:,Lat,Lng,Max Temp,Humidity,Cloudiness,Wind Speed,Country,Date
ushuaia,-54.8,-68.3,40.66,87.0,40.0,32.21,AR,1651181945
sao jose do belmonte,-7.8614,-38.7597,78.76,59.0,78.0,14.99,BR,1651182170
upernavik,72.7868,-56.1549,15.98,87.0,39.0,3.85,GL,1651182170
rikitea,-23.1203,-134.9692,77.2,65.0,31.0,20.31,PF,1651182061
novodolinskiy,49.705,72.7047,39.78,40.0,94.0,6.13,KZ,1651182171
severo-kurilsk,50.6789,156.125,34.0,94.0,100.0,14.63,RU,1651182171
punta arenas,-53.15,-70.9167,42.91,75.0,40.0,26.46,CL,1651182066
albany,42.6001,-73.9662,53.17,23.0,15.0,5.01,US,1651182104
burnie,-41.0667,145.9167,62.92,91.0,64.0,3.98,AU,1651182172
east london,-33.0153,27.9116,65.84,49.0,1.0,6.64,ZA,1651182172
mao,39.8885,4.2658,59.56,94.0,75.0,11.5,ES,1651182173
vila velha,-20.3297,-40.2925,80.55,85.0,0.0,5.75,BR,1651182173
college,64.8569,-147.8028,53.1,44.0,40.0,5.75,US,1651182174
gat,31.61,34.7642,69.4,60.0,0.0,0.96,IL,1651182174
hilo,19.7297,-155.09,84.27,72.0,100.0,8.05,US,1651181879
saldanha,-33.0117,17.9442,57.25,91.0,27.0,15.01,ZA,1651182175
avarua,-21.2078,-159.775,82.45,78.0,20.0,13.8,CK,1651182175
kirakira,-10.4544,161.9205,84.13,74.0,100.0,4.18,SB,1651182177
butaritari,3.0707,172.7902,81.81,79.0,99.0,15.93,KI,1651182177
bredasdorp,-34.5322,20.0403,56.8,94.0,66.0,2.37,ZA,1651182177
kodiak,57.79,-152.4072,45.91,71.0,100.0,14.97,US,1651182178
hithadhoo,-0.6,73.0833,84.69,69.0,79.0,8.01,MV,1651182178
hofn,64.2539,-15.2082,46.15,74.0,9.0,4.81,IS,1651182179
kapaa,22.0752,-159.319,80.58,84.0,100.0,11.5,US,1651182076
banyo,6.75,11.8167,65.17,93.0,100.0,3.91,CM,1651182179
tete,-16.1564,33.5867,68.09,88.0,75.0,0.0,MZ,1651182063
atuona,-9.8,-139.0333,78.78,78.0,57.0,19.62,PF,1651182180
bluff,-46.6,168.3333,49.06,85.0,50.0,7.54,NZ,1651182180
busselton,-33.65,115.3333,54.37,80.0,39.0,6.06,AU,1651182141
foumban,5.7291,10.9001,62.58,97.0,87.0,7.0,CM,1651182181
moussoro,13.6408,16.4901,91.18,26.0,63.0,8.95,TD,1651182181
vostok,46.4856,135.8833,36.72,55.0,0.0,2.86,RU,1651182137
torbay,47.6666,-52.7314,44.76,91.0,100.0,8.05,CA,1651182182
mitsamiouli,-11.3847,43.2844,80.94,79.0,95.0,20.27,KM,1651182182
kavieng,-2.5744,150.7967,83.91,71.0,100.0,10.02,PG,1651182183
merauke,-8.4667,140.3333,78.66,88.0,100.0,10.16,ID,1651182183
itarema,-2.9248,-39.9167,77.52,89.0,81.0,9.48,BR,1651182184
mataura,-46.1927,168.8643,48.07,88.0,15.0,1.34,NZ,1651182184
cockburn town,21.4612,-71.1419,78.76,47.0,40.0,9.22,TC,1651182185
puerto ayora,-0.7393,-90.3518,78.76,77.0,13.0,9.53,EC,1651182185
chicama,-7.8447,-79.1469,64.94,73.0,77.0,7.47,PE,1651182186
arkhipo-osipovka,44.37,38.52,56.55,87.0,97.0,8.7,RU,1651182186
namibe,-15.1961,12.1522,73.35,70.0,26.0,2.66,AO,1651182186
malanje,-9.5402,16.341,64.92,96.0,98.0,1.66,AO,1651182187
bucerias,20.75,-105.3333,86.58,47.0,38.0,8.05,MX,1651182125
vaini,-21.2,-175.2,78.96,69.0,40.0,12.66,TO,1651182118
port alfred,-33.5906,26.891,66.88,53.0,10.0,11.1,ZA,1651182069
yellowknife,62.456,-114.3525,39.72,48.0,20.0,20.71,CA,1651182068
hermanus,-34.4187,19.2345,55.8,88.0,98.0,3.42,ZA,1651182188
chokurdakh,70.6333,147.9167,0.05,97.0,99.0,3.85,RU,1651182044
puerto baquerizo moreno,-0.9,-89.6,77.99,69.0,0.0,11.5,EC,1651182188
luderitz,-26.6481,15.1594,60.33,69.0,8.0,6.67,NA,1651182189
tasiilaq,65.6145,-37.6368,35.76,86.0,5.0,5.23,GL,1651182189
trelew,-43.249,-65.3051,47.64,29.0,25.0,8.66,AR,1651182190
mandalgovi,45.7625,106.2708,30.13,32.0,4.0,14.56,MN,1651182190
bridlington,54.0831,-0.1919,45.9,79.0,100.0,4.76,GB,1651182191
ugoofaaru,5.6667,73.0,84.6,69.0,66.0,3.27,MV,1651182191
saskylakh,71.9167,114.0833,24.46,93.0,100.0,10.29,RU,1651182192
tessalit,20.1986,1.0114,82.98,10.0,0.0,6.6,ML,1651182192
thompson,55.7435,-97.8558,48.36,40.0,100.0,12.66,CA,1651182192
augusto correa,-1.0217,-46.635,74.75,96.0,92.0,3.58,BR,1651182193
solnechnyy,50.7214,136.6319,34.65,74.0,35.0,2.86,RU,1651182193
wahiawa,21.5028,-158.0236,82.72,60.0,75.0,13.8,US,1651182194
jacareacanga,-6.2222,-57.7528,76.01,93.0,96.0,2.21,BR,1651182194
belyy yar,53.6039,91.3903,39.09,56.0,0.0,6.71,RU,1651182195
aksha,50.2814,113.2867,30.31,68.0,73.0,15.57,RU,1651182195
qasigiannguit,68.8193,-51.1922,26.85,92.0,100.0,3.38,GL,1651182196
inhambane,-23.865,35.3833,68.83,80.0,46.0,5.1,MZ,1651182196
victoria,22.2855,114.1577,81.32,88.0,16.0,4.0,HK,1651182131
bandarbeyla,9.4942,50.8122,82.99,78.0,24.0,6.89,SO,1651182197
kochevo,59.5994,54.3125,20.39,97.0,70.0,2.98,RU,1651182197
cidreira,-30.1811,-50.2056,66.74,88.0,99.0,9.93,BR,1651182197
lebu,-37.6167,-73.65,52.56,75.0,7.0,15.5,CL,1651182198
gonen,40.1049,27.654,55.36,94.0,1.0,4.45,TR,1651182198
jamestown,42.097,-79.2353,47.52,36.0,0.0,10.36,US,1651182199
lompoc,34.6391,-120.4579,71.69,61.0,0.0,26.46,US,1651181939
georgetown,5.4112,100.3354,80.53,93.0,20.0,3.44,MY,1651182199
esperance,-33.8667,121.9,49.84,72.0,82.0,11.07,AU,1651182032
port-gentil,-0.7193,8.7815,80.56,94.0,75.0,0.0,GA,1651182200
tilichiki,60.4667,166.1,31.48,91.0,90.0,9.78,RU,1651182200
tuktoyaktuk,69.4541,-133.0374,8.6,85.0,100.0,12.66,CA,1651182050
ponta do sol,32.6667,-17.1,65.71,81.0,95.0,1.5,PT,1651182201
hervey bay,-25.2986,152.8535,69.03,95.0,33.0,5.01,AU,1651182201
cabo san lucas,22.8909,-109.9124,88.61,26.0,0.0,9.22,MX,1651182124
nikolskoye,59.7035,30.7861,37.87,54.0,100.0,7.65,RU,1651182192
santiago del estero,-27.7951,-64.2615,67.66,33.0,100.0,4.99,AR,1651182202
broken hill,-31.95,141.4333,58.71,88.0,97.0,6.91,AU,1651182202
monte alegre,-2.0078,-54.0692,77.02,93.0,100.0,3.62,BR,1651182203
phek,25.6667,94.5,53.64,76.0,0.0,2.24,IN,1651182203
mar del plata,-38.0023,-57.5575,50.02,85.0,20.0,13.0,AR,1651182204
ancud,-41.8697,-73.8203,46.58,76.0,76.0,1.12,CL,1651182204
svetlogorsk,52.6333,29.7333,38.93,76.0,44.0,3.74,BY,1651182205
inuvik,68.3499,-133.7218,20.16,65.0,75.0,5.75,CA,1651182205
qaqortoq,60.7167,-46.0333,38.01,87.0,100.0,4.05,GL,1651182206
fukue,32.6881,128.8419,62.69,94.0,100.0,19.06,JP,1651182206
airai,-8.9266,125.4092,56.88,84.0,87.0,2.55,TL,1651182207
verkhoyansk,67.5447,133.385,11.84,94.0,92.0,2.24,RU,1651182208
rock sound,24.9,-76.2,74.71,61.0,0.0,4.65,BS,1651182209
eyl,7.9803,49.8164,82.2,74.0,5.0,6.55,SO,1651182209
dikson,73.5069,80.5464,7.93,91.0,89.0,20.0,RU,1651182209
san lawrenz,36.0553,14.204,62.85,68.0,100.0,1.99,MT,1651182210
tiksi,71.6872,128.8694,7.65,92.0,40.0,5.99,RU,1651182210
noshiro,40.2039,140.0242,50.83,48.0,100.0,6.11,JP,1651182212
damaturu,11.747,11.9608,89.94,28.0,100.0,6.6,NG,1651182212
eidfjord,60.4675,7.0719,40.59,95.0,100.0,3.65,NO,1651182213
hobart,-42.8794,147.3294,57.02,93.0,20.0,5.75,AU,1651182179
narsaq,60.9167,-46.05,50.22,74.0,100.0,1.99,GL,1651182213
srednekolymsk,67.45,153.6833,15.87,88.0,99.0,6.35,RU,1651182214
boat of garten,57.2491,-3.759,47.43,76.0,100.0,0.74,GB,1651182214
barcelos,41.5388,-8.6151,62.85,77.0,42.0,4.81,PT,1651182214
guerrero negro,27.9769,-114.0611,66.04,57.0,1.0,20.56,MX,1651182090
abbeville,50.1,1.8333,51.49,83.0,100.0,7.25,FR,1651182215
saint george,37.1041,-113.5841,83.62,7.0,0.0,19.57,US,1651182216
terrace,54.5163,-128.6035,53.51,43.0,75.0,3.44,CA,1651182216
lavrentiya,65.5833,-171.0,30.24,88.0,64.0,9.64,RU,1651182216
saint-joseph,-21.3667,55.6167,73.78,80.0,15.0,4.38,RE,1651182217
yumen,40.2833,97.2,46.69,30.0,100.0,6.73,CN,1651182217
lasa,46.6166,10.7002,54.48,74.0,3.0,3.29,IT,1651182218
shelburne,44.0787,-80.2041,45.39,31.0,0.0,11.45,CA,1651182218
quatre cocos,-20.2078,57.7625,74.08,80.0,0.0,4.72,MU,1651182218
hami,42.8,93.45,54.79,20.0,77.0,11.79,CN,1651182219
pithoragarh,29.5833,80.2167,59.09,33.0,0.0,3.98,IN,1651182219
keelung,25.1283,121.7419,82.06,89.0,1.0,2.04,TW,1651182220
kerman,30.2832,57.0788,62.46,25.0,0.0,6.91,IR,1651182161
aldan,58.6031,125.3894,24.03,87.0,99.0,2.71,RU,1651182220
songjianghe,42.1859,127.479,39.45,48.0,75.0,1.54,CN,1651182221
castro,-24.7911,-50.0119,65.26,87.0,74.0,4.09,BR,1651182221
baruun-urt,46.6806,113.2792,31.41,39.0,33.0,12.35,MN,1651182222
sao miguel do araguaia,-13.275,-50.1628,77.38,57.0,3.0,2.51,BR,1651182222
sao filipe,14.8961,-24.4956,71.74,71.0,3.0,7.47,CV,1651182222
sechura,-5.5569,-80.8222,77.14,63.0,88.0,13.62,PE,1651182223
quelimane,-17.8786,36.8883,71.55,88.0,75.0,9.22,MZ,1651182223
alakurtti,66.9672,30.3491,21.0,82.0,73.0,7.14,RU,1651182224
usinsk,65.9939,57.5281,21.92,77.0,3.0,11.23,RU,1651182224
olafsvik,64.8945,-23.7142,44.64,88.0,47.0,11.14,IS,1651182224
teeli,51.0333,90.2333,39.92,40.0,69.0,3.0,RU,1651182225
inta,66.0317,60.1659,23.97,76.0,26.0,8.93,RU,1651182225
kieta,-6.2167,155.6333,83.5,69.0,87.0,3.0,PG,1651182226
kahului,20.8947,-156.47,84.22,51.0,40.0,19.57,US,1651181893
wencheng,33.0559,113.7978,43.45,95.0,19.0,3.13,CN,1651182226
robertsport,6.7533,-11.3686,80.67,81.0,71.0,6.2,LR,1651182227
praia,14.9215,-23.5087,70.34,73.0,20.0,14.97,CV,1651182227
rabat,33.9911,-6.8401,61.16,94.0,40.0,3.44,MA,1651182227
port hedland,-20.3167,118.5667,69.85,94.0,100.0,8.05,AU,1651182228
bilma,18.6853,12.9164,86.99,10.0,60.0,5.55,NE,1651182228
biak,-0.9131,122.8766,77.09,81.0,100.0,3.69,ID,1651182229
harnai,30.1005,67.9374,80.04,17.0,56.0,3.31,PK,1651182229
visnes,59.3556,5.2242,44.22,93.0,40.0,5.75,NO,1651182230
sorong,-0.8833,131.25,76.87,88.0,100.0,7.0,ID,1651182230
macapa,0.0389,-51.0664,76.98,100.0,75.0,5.75,BR,1651182230
port elizabeth,-33.918,25.5701,59.31,80.0,0.0,1.01,ZA,1651182231
kununurra,-15.7667,128.7333,73.38,94.0,94.0,2.3,AU,1651182231
tuatapere,-46.1333,167.6833,50.67,84.0,20.0,4.27,NZ,1651182232
birao,10.2849,22.7882,80.83,52.0,80.0,7.63,CF,1651182232
coquimbo,-29.9533,-71.3436,64.13,67.0,0.0,11.5,CL,1651182220
oktyabrskoye,43.0645,44.7417,53.74,94.0,100.0,6.71,RU,1651182233
kruisfontein,-34.0033,24.7314,57.87,62.0,12.0,2.42,ZA,1651182233
lazaro cardenas,17.9583,-102.2,85.93,51.0,1.0,13.67,MX,1651182234
ontario,34.0633,-117.6509,72.39,54.0,75.0,12.66,US,1651181745
vao,-22.6667,167.4833,73.81,75.0,100.0,21.92,NC,1651182234
sitka,57.0531,-135.33,48.09,66.0,20.0,8.05,US,1651182042
ostersund,63.1792,14.6357,32.61,80.0,100.0,10.36,SE,1651182235
mehamn,71.0357,27.8492,24.71,80.0,75.0,19.57,NO,1651182235
ust-kulom,61.6864,53.6902,20.59,93.0,76.0,3.24,RU,1651182236
araras,-22.3569,-47.3842,82.08,59.0,5.0,3.31,BR,1651182236
cayenne,4.9333,-52.3333,81.09,1.0,75.0,5.75,GF,1651182236
kattivakkam,13.2167,80.3167,85.06,89.0,19.0,14.94,IN,1651182237
lorengau,-2.0226,147.2712,82.6,72.0,100.0,0.4,PG,1651182237
mwanza,-2.5167,32.9,71.65,88.0,75.0,0.0,TZ,1651182238
tuchola,53.5879,17.8591,44.01,64.0,67.0,4.18,PL,1651182238
chandler,33.3062,-111.8412,93.45,8.0,0.0,18.41,US,1651182170
grand gaube,-20.0064,57.6608,74.37,82.0,0.0,1.99,MU,1651182239
puerto escondido,15.85,-97.0667,86.83,62.0,40.0,9.22,MX,1651182239
amuntai,-2.4177,115.2494,73.58,99.0,97.0,1.66,ID,1651182239
sola,-13.8833,167.55,83.07,79.0,100.0,0.0,VU,1651182240
mezen,65.8522,44.24,26.71,75.0,89.0,12.97,RU,1651182240
nevesinje,43.2586,18.1133,52.66,78.0,6.0,12.06,BA,1651182241
ribas do rio pardo,-20.4431,-53.7592,82.45,33.0,59.0,2.84,BR,1651182241
pevek,69.7008,170.3133,23.0,99.0,100.0,6.13,RU,1651182241
buin,-33.7333,-70.75,71.87,45.0,0.0,3.11,CL,1651182242
cape town,-33.9258,18.4232,62.11,88.0,75.0,13.8,ZA,1651182231
faya,18.3851,42.4509,59.52,52.0,0.0,4.12,SA,1651182242
ordubad,38.9059,46.0234,60.49,74.0,52.0,4.74,AZ,1651182243
poum,-20.2333,164.0167,73.74,85.0,100.0,12.3,NC,1651182243
opuwo,-18.0607,13.84,74.14,36.0,62.0,2.62,NA,1651182244
vermillion,42.7794,-96.9292,73.56,84.0,100.0,14.34,US,1651182244
souillac,-20.5167,57.5167,71.98,94.0,20.0,5.75,MU,1651182038
adre,13.4667,22.2,82.8,36.0,0.0,3.36,TD,1651182245
bethel,41.3712,-73.414,54.75,30.0,5.0,21.0,US,1651182245
pascagoula,30.3658,-88.5561,83.41,32.0,0.0,8.05,US,1651182246
gornopravdinsk,60.05,69.9,50.16,95.0,78.0,9.89,RU,1651182246
chuy,-33.6971,-53.4616,56.61,70.0,0.0,8.32,UY,1651182247
apollonia,36.9716,24.7231,62.19,72.0,33.0,8.25,GR,1651182247
puntarenas,9.9763,-84.8384,85.51,68.0,95.0,4.99,CR,1651182078
saint-philippe,-21.3585,55.7679,74.79,81.0,27.0,8.59,RE,1651182248
vidalia,32.2177,-82.4135,80.55,24.0,0.0,6.91,US,1651182248
camalu,30.85,-116.0667,63.03,59.0,1.0,21.05,MX,1651182248
tutoia,-2.7619,-42.2744,77.41,90.0,84.0,8.66,BR,1651182249
port hueneme,34.1478,-119.1951,73.09,59.0,0.0,14.97,US,1651182249
avera,33.194,-82.5271,78.55,34.0,2.0,7.11,US,1651182250
isiro,2.7739,27.616,64.58,99.0,100.0,2.55,CD,1651182250
ust-kuyga,70.0167,135.6,4.28,98.0,98.0,4.36,RU,1651182251
minas,-34.3759,-55.2377,48.97,62.0,0.0,8.08,UY,1651182147
sioux lookout,50.1001,-91.917,50.07,13.0,75.0,6.91,CA,1651182251
namatanai,-3.6667,152.4333,82.47,71.0,100.0,5.77,PG,1651182252
broome,42.2506,-75.833,48.18,30.0,0.0,13.8,US,1651182252
walvis bay,-22.9575,14.5053,83.35,21.0,1.0,14.97,NA,1651182253
aktanysh,55.7216,54.0829,38.41,59.0,99.0,9.64,RU,1651182253
bambous virieux,-20.3428,57.7575,74.21,94.0,20.0,5.75,MU,1651182198
mogadishu,2.0371,45.3438,83.16,75.0,100.0,9.6,SO,1651182254
ichinohe,40.2069,141.3017,49.15,49.0,100.0,2.39,JP,1651182254
kita,13.0349,-9.4895,89.15,40.0,51.0,4.63,ML,1651182254
severomuysk,56.1481,113.4267,7.3,97.0,58.0,3.36,RU,1651182255
laguna,38.421,-121.4238,72.1,35.0,0.0,5.75,US,1651182255
dalvik,65.9702,-18.5286,48.13,73.0,27.0,7.36,IS,1651182256
alofi,-19.0595,-169.9187,80.49,89.0,40.0,17.27,NU,1651182256
elektrenai,54.7667,24.6333,38.48,65.0,21.0,6.17,LT,1651182257
beboto,8.2668,16.939,75.96,65.0,100.0,5.19,TD,1651182257
pafos,34.7667,32.4167,62.38,67.0,0.0,2.3,CY,1651182184
azare,11.6765,10.1948,91.44,14.0,98.0,5.46,NG,1651182258
sabang,5.8933,95.3214,83.57,73.0,88.0,8.61,ID,1651182260
aykhal,66.0,111.5,25.45,87.0,100.0,8.05,RU,1651182260
bengkulu,-3.8004,102.2655,77.05,86.0,100.0,4.68,ID,1651182060
port pirie,-33.1833,138.0167,62.69,68.0,100.0,2.68,AU,1651182261
kaitangata,-46.2817,169.8464,49.03,84.0,11.0,2.84,NZ,1651182261
arraial do cabo,-22.9661,-42.0278,82.26,65.0,0.0,19.57,BR,1651182173
quebo,11.3333,-14.9333,77.09,69.0,70.0,6.22,GW,1651182262
santa vitoria do palmar,-33.5189,-53.3681,57.16,72.0,0.0,7.0,BR,1651182262
hambantota,6.1241,81.1185,75.54,100.0,40.0,2.3,LK,1651182262
tombouctou,20.0,-3.0,80.08,11.0,0.0,4.14,ML,1651182263
provideniya,64.3833,-173.3,30.36,74.0,75.0,18.01,RU,1651182043
igrim,63.1906,64.4162,26.53,96.0,100.0,10.33,RU,1651182263
saint-augustin,51.226,-58.6502,34.23,99.0,100.0,13.24,CA,1651182264
longyearbyen,78.2186,15.6401,8.44,56.0,40.0,20.71,SJ,1651182264
la ronge,55.1001,-105.2842,52.02,50.0,40.0,10.36,CA,1651182265
yulara,-25.2406,130.9889,75.04,35.0,100.0,11.5,AU,1651182265
vaitape,-16.5167,-151.75,82.29,69.0,8.0,23.67,PF,1651182266
medea,36.2642,2.7539,48.83,95.0,100.0,2.62,DZ,1651182266
los llanos de aridane,28.6585,-17.9182,62.35,91.0,40.0,10.36,ES,1651182266
husavik,66.0449,-17.3389,42.84,67.0,18.0,3.4,IS,1651182267
petropavlovsk-kamchatskiy,53.0452,158.6483,34.39,100.0,75.0,4.47,RU,1651182267
saint anthony,45.0205,-93.218,50.67,60.0,100.0,11.5,US,1651182268
belmonte,-15.8631,-38.8828,76.8,84.0,3.0,7.05,BR,1651182268
kysyl-syr,63.8986,122.7617,24.31,91.0,71.0,2.26,RU,1651182268
vitim,59.4511,112.5578,27.37,86.0,90.0,5.19,RU,1651182269
vysokogornyy,50.1167,139.15,28.89,81.0,68.0,7.85,RU,1651182269
fairbanks,64.8378,-147.7164,53.1,43.0,0.0,5.75,US,1651182016
wanaka,-44.7,169.15,52.93,72.0,4.0,3.06,NZ,1651182270
codrington,-38.2667,141.9667,63.99,71.0,87.0,13.53,AU,1651182124
pangnirtung,66.1451,-65.7125,19.4,73.0,100.0,24.16,CA,1651182116
vestmannaeyjar,63.4427,-20.2734,46.26,81.0,18.0,2.93,IS,1651182270
dingle,10.9995,122.6711,76.93,91.0,100.0,7.02,PH,1651182271
sao felix do xingu,-6.6447,-51.995,77.36,82.0,100.0,3.06,BR,1651182271
ust-nera,64.5667,143.2,12.61,88.0,99.0,6.08,RU,1651182272
leningradskiy,69.3833,178.4167,21.58,90.0,100.0,2.3,RU,1651182139
santa maria,-29.6842,-53.8069,61.9,94.0,75.0,4.61,BR,1651182272
cherskiy,68.75,161.3,17.24,93.0,100.0,10.6,RU,1651182273
iratosu,46.3167,21.2,48.25,100.0,0.0,6.91,RO,1651182273
radcliff,37.8404,-85.9491,73.36,28.0,100.0,5.75,US,1651182274
ribeira grande,38.5167,-28.7,63.0,94.0,75.0,18.41,PT,1651182274
sao gabriel da cachoeira,-0.1303,-67.0892,77.99,94.0,98.0,0.94,BR,1651182274
beohari,24.05,81.3833,86.49,15.0,27.0,4.81,IN,1651182275
filingue,14.3521,3.3168,88.12,14.0,100.0,1.77,NE,1651182275
cody,44.5263,-109.0565,58.05,52.0,75.0,11.5,US,1651182029
new norfolk,-42.7826,147.0587,56.66,87.0,3.0,3.11,AU,1651182059
amazar,53.858,120.875,33.3,53.0,100.0,6.76,RU,1651182276
padang,-0.9492,100.3543,77.56,87.0,99.0,4.32,ID,1651182118
carutapera,-1.195,-46.02,76.14,93.0,98.0,6.58,BR,1651182276
kalisz,51.7611,18.091,49.64,68.0,100.0,3.02,PL,1651182277
rio gallegos,-51.6226,-69.2181,44.65,61.0,75.0,27.63,AR,1651182098
maputo,-25.9653,32.5892,67.23,86.0,0.0,3.44,MZ,1651182277
shache,38.4167,77.2406,61.72,25.0,50.0,2.53,CN,1651182278
barrow,71.2906,-156.7887,6.82,78.0,100.0,20.71,US,1651182278
fonte boa,-2.4959,-66.2662,78.24,94.0,100.0,1.39,BR,1651182279
algeciras,36.1333,-5.4505,58.68,72.0,9.0,2.3,ES,1651182279
bansko,41.8383,23.4885,50.9,97.0,98.0,2.35,BG,1651182279
isangel,-19.55,169.2667,73.51,88.0,100.0,8.05,VU,1651182280
danielskuil,-28.1887,23.5395,60.13,61.0,5.0,17.56,ZA,1651182280
northport,33.229,-87.5772,81.57,32.0,0.0,1.01,US,1651182244
ahipara,-35.1667,173.1667,63.52,70.0,4.0,8.61,NZ,1651182282
carnarvon,-24.8667,113.6333,59.07,82.0,0.0,10.36,AU,1651182282
gudari,19.35,83.7833,79.74,70.0,25.0,0.43,IN,1651182283
pisco,-13.7,-76.2167,71.65,68.0,0.0,9.22,PE,1651182283
oistins,13.0667,-59.5333,80.69,83.0,40.0,14.97,BB,1651182283
puerto morazan,12.8504,-87.1717,90.37,45.0,73.0,4.68,NI,1651182284
machala,-3.2667,-79.9667,84.15,65.0,40.0,9.22,EC,1651182284
clyde river,70.4692,-68.5914,8.83,78.0,75.0,10.36,CA,1651182285
iqaluit,63.7506,-68.5145,15.53,61.0,75.0,8.05,CA,1651182285
mahebourg,-20.4081,57.7,74.25,94.0,20.0,5.75,MU,1651182275
kyrylivka,46.3759,35.3675,56.73,69.0,24.0,9.35,UA,1651182286
labuhan,-6.8844,112.2051,78.64,87.0,84.0,3.83,ID,1651182286
elizabethton,36.3487,-82.2107,71.76,37.0,0.0,4.61,US,1651182128
lufilufi,-13.8745,-171.5986,87.58,80.0,37.0,21.81,WS,1651182287
vanimo,-2.6741,141.3028,79.23,85.0,100.0,3.24,PG,1651182287
vardo,70.3705,31.1107,23.95,67.0,99.0,24.92,NO,1651182287
russell,32.3502,-85.1999,80.2,26.0,0.0,11.5,US,1651182280
abu samrah,35.3029,37.1841,68.63,45.0,25.0,6.11,SY,1651182288
man,7.4125,-7.5538,72.05,98.0,74.0,1.95,CI,1651182288
fare,-16.7,-151.0167,82.13,69.0,0.0,23.35,PF,1651182289
caravelas,-17.7125,-39.2481,75.78,83.0,0.0,4.63,BR,1651182289
egvekinot,66.3167,-179.1667,28.83,70.0,5.0,3.85,RU,1651182290
nanortalik,60.1432,-45.2371,39.04,81.0,98.0,4.18,GL,1651182290
vyritsa,59.4078,30.3481,36.32,57.0,100.0,7.81,RU,1651182291
buk,52.3553,16.5196,45.1,70.0,20.0,6.82,PL,1651182291
yakeshi,49.2833,120.7333,35.98,64.0,100.0,3.31,CN,1651182291
saint-georges,12.0564,-61.7485,82.08,83.0,75.0,12.66,GD,1651182292
auki,-8.7676,160.7034,82.17,77.0,98.0,1.61,SB,1651182292
alice springs,-23.7,133.8833,72.95,32.0,30.0,4.61,AU,1651182293
caluquembe,-13.7833,14.6833,63.84,72.0,98.0,3.8,AO,1651182293
artyom,40.4723,50.333,57.34,75.0,0.0,5.88,AZ,1651182293
elat,29.5581,34.9482,80.44,21.0,0.0,13.8,IL,1651182294
ormara,25.2088,64.6357,83.44,76.0,0.0,14.76,PK,1651182294
katsuura,35.1333,140.3,55.42,84.0,100.0,12.21,JP,1651182295
deputatskiy,69.3,139.9,7.75,93.0,76.0,2.01,RU,1651182295
albanel,48.8832,-72.4487,42.94,33.0,97.0,19.57,CA,1651182296
sakakah,29.9697,40.2064,67.57,52.0,56.0,10.71,SA,1651182296
westport,41.1415,-73.3579,57.27,21.0,0.0,26.46,US,1651182198
devils lake,48.1128,-98.8651,42.94,73.0,100.0,14.97,US,1651182298
khatanga,71.9667,102.5,14.14,93.0,99.0,6.69,RU,1651182298
kibiti,-7.7218,38.9375,69.78,96.0,70.0,2.89,TZ,1651182299
katima mulilo,-17.5,24.2667,62.04,78.0,4.0,5.41,NA,1651182299
olavarria,-36.8927,-60.3225,50.02,45.0,0.0,6.26,AR,1651182299
hohhot,40.8106,111.6522,44.89,81.0,0.0,6.71,CN,1651182300
tautira,-17.7333,-149.15,80.24,75.0,25.0,21.39,PF,1651182300
matara,5.9485,80.5353,79.95,84.0,100.0,5.08,LK,1651182301
yar-sale,66.8333,70.8333,15.57,86.0,100.0,5.95,RU,1651182301
port augusta,-32.5,137.7667,67.39,67.0,100.0,5.7,AU,1651182301
hobyo,5.3505,48.5268,83.57,74.0,5.0,11.43,SO,1651182302
la rioja,42.25,-2.5,46.18,91.0,100.0,2.59,ES,1651182302
hasaki,35.7333,140.8333,55.8,72.0,88.0,11.61,JP,1651182303
lagoa,39.05,-27.9833,61.12,93.0,100.0,14.32,PT,1651182303
hualmay,-11.0964,-77.6139,68.65,84.0,88.0,7.63,PE,1651182304
marsh harbour,26.5412,-77.0636,75.42,65.0,9.0,0.49,BS,1651182304
camopi,3.1655,-52.3158,74.26,98.0,90.0,2.82,GF,1651182305
eureka,40.8021,-124.1637,62.2,60.0,27.0,8.61,US,1651182174
plettenberg bay,-34.0527,23.3716,60.35,71.0,10.0,3.44,ZA,1651182305
chutove,49.7104,35.1603,48.7,64.0,95.0,7.67,UA,1651182306
bilibino,68.0546,166.4372,28.53,87.0,100.0,1.54,RU,1651182307
sao joao da barra,-21.6403,-41.0511,78.89,87.0,10.0,11.72,BR,1651182309
denpasar,-8.65,115.2167,78.46,100.0,20.0,2.3,ID,1651182309
sambir,49.5183,23.1975,43.05,88.0,38.0,2.3,UA,1651182309
qaanaaq,77.484,-69.3632,29.82,95.0,100.0,3.96,GL,1651182310
portland,45.5234,-122.6762,56.62,70.0,75.0,5.99,US,1651181846
perelyub,51.8667,50.3667,45.68,79.0,13.0,12.64,RU,1651182310
makakilo city,21.3469,-158.0858,84.52,53.0,75.0,18.41,US,1651182311
wamba,8.9333,8.6,80.74,58.0,81.0,2.66,NG,1651182311
port lincoln,-34.7333,135.8667,61.5,88.0,99.0,9.22,AU,1651182312
aklavik,68.2191,-135.0107,17.6,62.0,75.0,4.61,CA,1651182312
ruteng,-8.6136,120.4721,61.23,92.0,40.0,1.36,ID,1651182313
faanui,-16.4833,-151.75,82.29,69.0,7.0,23.53,PF,1651182313
nuuk,64.1835,-51.7216,36.21,93.0,100.0,31.07,GL,1651182314
golaghat,26.5167,93.9667,74.03,66.0,0.0,1.63,IN,1651182314
yarovoye,52.9273,78.58,59.14,50.0,100.0,10.29,RU,1651182314
ulladulla,-35.35,150.4667,61.7,83.0,1.0,6.87,AU,1651182315
new glasgow,45.5834,-62.6486,44.78,80.0,97.0,8.12,CA,1651182073
cabedelo,-6.9811,-34.8339,79.47,81.0,43.0,12.35,BR,1651182317
perth,-31.9333,115.8333,50.67,96.0,0.0,5.75,AU,1651182179
wanning,18.8003,110.3967,78.42,95.0,99.0,3.44,CN,1651182317
bubaque,11.2833,-15.8333,77.43,75.0,65.0,19.89,GW,1651182317
banepa,27.6298,85.5214,66.52,77.0,20.0,4.61,NP,1651182318
itoman,26.1247,127.6694,79.57,94.0,40.0,14.97,JP,1651182319
zholymbet,51.7433,71.7122,58.77,47.0,100.0,8.16,KZ,1651182319
pavilosta,56.8879,21.1859,42.71,88.0,99.0,9.84,LV,1651182319
taoudenni,22.6783,-3.9836,87.37,9.0,0.0,7.25,ML,1651182320
cap malheureux,-19.9842,57.6142,74.46,82.0,0.0,3.0,MU,1651182320
mitu,1.1983,-70.1733,77.65,93.0,89.0,1.81,CO,1651182321
canakkale,40.0833,26.8333,54.18,95.0,3.0,6.51,TR,1651182321
manavalakurichi,8.1333,77.3,82.27,83.0,95.0,7.16,IN,1651182322
saint-paul,-21.0096,55.2707,77.09,79.0,56.0,7.65,RE,1651182322
mongo,12.1844,18.693,82.78,53.0,76.0,8.46,TD,1651182322
timra,62.487,17.3257,31.68,69.0,9.0,4.61,SE,1651182323
mabaruma,8.2,-59.7833,78.3,82.0,99.0,5.82,GY,1651182323
sangar,63.9242,127.4739,15.94,87.0,65.0,2.01,RU,1651182324
beringovskiy,63.05,179.3167,21.56,94.0,89.0,12.68,RU,1651182324
huilong,31.8111,121.655,54.93,90.0,100.0,16.67,CN,1651182325
udankudi,8.4333,78.0167,83.95,76.0,93.0,10.69,IN,1651182325
brae,60.3964,-1.353,45.46,81.0,94.0,3.09,GB,1651182326
tiznit,29.5833,-9.5,58.78,71.0,34.0,8.86,MA,1651182327
bathsheba,13.2167,-59.5167,81.21,83.0,40.0,14.97,BB,1651182327
baykit,61.67,96.37,38.62,99.0,100.0,3.87,RU,1651182328
kunyang,27.6658,120.5658,65.14,95.0,100.0,4.9,CN,1651182328
maridi,4.9158,29.4742,68.88,80.0,100.0,5.17,SS,1651182329
olinala,17.8333,-98.85,89.73,21.0,11.0,2.8,MX,1651182329
hamilton,39.1834,-84.5333,64.31,46.0,75.0,11.5,US,1651182329
ngaoundere,7.3167,13.5833,66.29,85.0,100.0,0.63,CM,1651182330
dayong,25.0209,118.2898,73.2,93.0,7.0,1.1,CN,1651182330
topraisar,44.0167,28.45,54.16,77.0,52.0,3.98,RO,1651182331
mweka,-4.85,21.5667,69.49,97.0,96.0,2.42,CD,1651182331
glazov,58.1394,52.6584,26.89,87.0,70.0,5.19,RU,1651182332
morecambe,54.0684,-2.8611,48.22,88.0,90.0,5.99,GB,1651182332
ironton,38.5368,-82.6829,63.84,36.0,0.0,3.44,US,1651182332
buchanan,5.8808,-10.0467,79.99,85.0,87.0,7.85,LR,1651182333
conakry,9.538,-13.6773,80.04,83.0,51.0,10.69,GN,1651182333
muros,42.7762,-9.0603,57.09,79.0,62.0,10.0,ES,1651182334
leh,34.1667,77.5833,42.85,65.0,100.0,4.81,IN,1651182334
san fernando,15.0286,120.6898,80.33,82.0,100.0,4.76,PH,1651182082
zhangye,38.9342,100.4517,50.52,22.0,100.0,19.84,CN,1651182335
moron,-34.6534,-58.6198,58.75,28.0,0.0,4.54,AR,1651182335
pacific grove,36.6177,-121.9166,67.55,67.0,0.0,16.11,US,1651182336
adrar,20.5022,-10.0711,78.24,11.0,0.0,7.49,MR,1651182336
yerbogachen,61.2767,108.0108,29.64,89.0,83.0,5.57,RU,1651182336
norman wells,65.282,-126.8329,39.24,56.0,75.0,9.22,CA,1651182337
ochakiv,46.6128,31.5498,53.78,71.0,100.0,15.73,UA,1651182337
rorvik,64.8621,11.2373,35.58,86.0,75.0,1.14,NO,1651182338
nsanje,-16.92,35.262,64.76,98.0,22.0,3.15,MW,1651182338
kupang,-10.1667,123.5833,76.03,87.0,39.0,6.33,ID,1651182338
yuyao,30.05,121.1494,59.77,96.0,100.0,9.64,CN,1651182339
gorele,41.0308,39.0031,54.34,91.0,89.0,6.24,TR,1651182339
necochea,-38.5473,-58.7368,51.76,55.0,89.0,16.06,AR,1651182340
kirkenaer,60.4564,12.0582,35.82,65.0,82.0,2.48,NO,1651182340
shahrud,36.4182,54.9763,64.09,55.0,79.0,6.55,IR,1651182341
ixtapa,20.7,-105.2,91.09,35.0,39.0,7.58,MX,1651182341
neuquen,-38.9516,-68.0591,53.49,47.0,0.0,2.3,AR,1651182341
fougamou,-1.2154,10.5838,74.37,97.0,98.0,1.86,GA,1651182342
jiuquan,39.7432,98.5174,47.95,23.0,100.0,11.79,CN,1651182342
venice,27.0998,-82.4543,85.98,74.0,20.0,12.66,US,1651182088
kanniyakumari,8.0833,77.5667,83.5,80.0,79.0,10.98,IN,1651182343
montepuez,-13.1256,38.9997,64.0,89.0,14.0,8.3,MZ,1651182343
hammerfest,70.6634,23.6821,25.25,86.0,75.0,2.3,NO,1651182344
san ramon,37.7799,-121.978,67.75,54.0,20.0,18.41,US,1651182344
shu,43.5983,73.7614,53.83,38.0,68.0,2.71,KZ,1651182344
ternate,0.8,127.4,80.46,78.0,95.0,2.17,ID,1651182345
yanji,42.9075,129.5078,45.97,38.0,100.0,1.81,CN,1651182345
mulchen,-37.7167,-72.2333,57.06,68.0,18.0,7.4,CL,1651182346
aksu,41.1231,80.2644,54.48,50.0,2.0,8.84,CN,1651182346
salihli,38.4826,28.1477,61.32,74.0,100.0,3.2,TR,1651182347
charters towers,-20.1,146.2667,70.48,80.0,39.0,7.7,AU,1651182347
nouadhibou,20.931,-17.0347,64.38,82.0,5.0,17.27,MR,1651182348
buraydah,26.326,43.975,72.05,53.0,36.0,8.23,SA,1651182348
lhokseumawe,5.1801,97.1507,79.9,85.0,100.0,5.97,ID,1651182348
berlevag,70.8578,29.0864,24.75,63.0,75.0,29.93,NO,1651182349
geraldton,-28.7667,114.6,54.01,94.0,0.0,9.22,AU,1651182349
pontes e lacerda,-15.2261,-59.3353,80.46,57.0,29.0,3.29,BR,1651182095
ferrol,43.4832,-8.2369,57.27,83.0,7.0,8.99,ES,1651182350
jawhar,2.7809,45.5005,81.0,75.0,79.0,8.37,SO,1651182350
maceio,-9.6658,-35.7353,80.04,78.0,75.0,6.91,BR,1651182120
khash,28.2211,61.2158,69.33,40.0,7.0,3.76,IR,1651182352
la canada,20.6167,-100.3167,81.82,22.0,48.0,7.81,MX,1651182352
honningsvag,70.9821,25.9704,24.55,80.0,75.0,16.11,NO,1651182353
monrovia,6.3005,-10.7969,80.17,83.0,55.0,7.74,LR,1651182353
along,28.1667,94.7667,65.53,88.0,79.0,2.1,IN,1651182353
camacha,33.0833,-16.3333,58.42,77.0,20.0,4.61,PT,1651182354
polovinnoye,54.7914,65.9864,61.72,42.0,77.0,13.09,RU,1651182354
port-cartier,50.0334,-66.8654,38.75,75.0,100.0,15.79,CA,1651182355
gidole,5.65,37.3667,56.41,88.0,98.0,2.01,ET,1651182355
nemuro,43.3236,145.575,41.02,66.0,100.0,11.34,JP,1651182355
teguldet,57.3064,88.1667,49.78,80.0,100.0,10.51,RU,1651182356
gazojak,41.1875,61.4036,70.03,56.0,70.0,7.52,TM,1651182356
ziarat,30.3823,67.7282,62.49,23.0,84.0,7.38,PK,1651182357
porteirinha,-15.7433,-43.0283,74.77,40.0,1.0,7.7,BR,1651182357
beloha,-25.1667,45.05,64.72,69.0,55.0,9.6,MG,1651182358
huercal-overa,37.389,-1.9454,58.23,72.0,91.0,4.05,ES,1651182358
bitung,1.4451,125.1824,74.25,85.0,98.0,1.81,ID,1651182358
gold coast,-28.0,153.4333,71.24,97.0,55.0,3.44,AU,1651182359
northam,51.0333,-4.2167,49.66,80.0,95.0,6.49,GB,1651182359
chandpur,29.15,78.2667,83.79,14.0,4.0,4.63,IN,1651182360
lugazi,0.3772,32.9197,62.96,99.0,100.0,1.52,UG,1651182360
salinopolis,-0.6136,-47.3561,78.67,87.0,95.0,10.92,BR,1651182361
carahue,-38.7,-73.1667,47.12,80.0,17.0,2.71,CL,1651182361
hirado,33.3597,129.5531,60.39,96.0,100.0,29.93,JP,1651182362
grandview,38.8858,-94.533,73.08,68.0,0.0,19.57,US,1651182362
korocha,50.8107,37.1953,48.92,75.0,43.0,5.5,RU,1651182363
ahuimanu,21.4447,-157.8378,85.71,63.0,20.0,18.41,US,1651182363
ucluelet,48.9329,-125.5528,53.1,78.0,100.0,1.99,CA,1651182364
filadelfia,39.9523,-75.1638,59.0,19.0,0.0,25.32,US,1651182259
xudat,41.631,48.681,59.74,73.0,56.0,3.69,AZ,1651182364
impfondo,1.6381,18.0667,71.26,96.0,100.0,2.51,CG,1651182365
nicoya,10.1483,-85.452,86.7,59.0,99.0,4.92,CR,1651182365
nhulunbuy,-12.2333,136.7667,77.61,88.0,100.0,0.0,AU,1651182366
tarakan,3.3,117.6333,78.3,83.0,75.0,17.27,ID,1651182366
herborn,50.6833,8.3167,51.21,71.0,46.0,4.61,DE,1651182367
wadi musa,30.3222,35.4793,62.55,31.0,0.0,2.3,JO,1651182367
shibetsu,43.659,145.132,45.14,45.0,100.0,10.0,JP,1651182368
ambilobe,-13.2,49.05,72.46,96.0,38.0,3.02,MG,1651182368
busayra,30.7376,35.6078,62.56,32.0,0.0,2.15,JO,1651182369
okhotsk,59.3833,143.3,28.42,70.0,100.0,18.63,RU,1651182369
termiz,37.2242,67.2783,75.29,41.0,40.0,2.3,UZ,1651182370
kuusamo,65.9667,29.1833,23.04,54.0,0.0,3.44,FI,1651182370
nishihara,26.1842,127.7558,78.85,94.0,75.0,14.97,JP,1651182370
kinablangan,7.6947,126.5503,76.98,86.0,100.0,4.5,PH,1651182371
arroyo,41.6096,-4.7969,54.14,83.0,0.0,8.05,ES,1651182371
kasese,0.1833,30.0833,68.18,97.0,98.0,2.93,UG,1651182372
tsumeb,-19.2333,17.7167,66.34,55.0,48.0,7.74,NA,1651182372
simoes,-7.5989,-40.8178,77.88,48.0,74.0,8.23,BR,1651182373
shenjiamen,29.9576,122.298,55.96,92.0,100.0,21.03,CN,1651182373
ternova,50.1849,36.6757,47.88,70.0,88.0,5.93,UA,1651182374
the valley,18.217,-63.0578,80.46,57.0,20.0,14.97,AI,1651182374
lapithos,35.3375,33.1792,61.09,63.0,0.0,6.4,CY,1651182375
buctzotz,21.2,-88.7833,86.04,51.0,73.0,9.95,MX,1651182375
praia da vitoria,38.7333,-27.0667,61.75,100.0,75.0,19.3,PT,1651182376
jaciara,-15.9653,-54.9683,78.78,52.0,84.0,1.19,BR,1651182376
salvador,13.8333,-88.9167,86.04,55.0,63.0,4.45,SV,1651182376
vyazma,55.2104,34.2951,31.41,70.0,17.0,3.6,RU,1651182377
tyazhinskiy,56.116,88.524,54.54,51.0,100.0,14.34,RU,1651182377
rawson,-43.3002,-65.1023,48.92,32.0,65.0,9.95,AR,1651182378
marquette,46.5333,-87.6335,51.78,46.0,36.0,8.03,US,1651182378
bonavista,48.6499,-53.1147,37.94,86.0,100.0,7.49,CA,1651182379
maniitsoq,65.4167,-52.9,31.57,99.0,100.0,8.61,GL,1651182379
rio brilhante,-21.8019,-54.5464,83.1,39.0,89.0,3.67,BR,1651182380
foca,38.6703,26.7566,67.87,69.0,54.0,11.7,TR,1651182380
anloga,5.7947,0.8973,80.08,73.0,79.0,0.94,GH,1651182381
tjome,59.1109,10.3933,48.43,46.0,0.0,8.05,NO,1651182381
charlestown,-32.95,151.6667,66.72,97.0,45.0,1.99,AU,1651182382
whyalla,-33.0333,137.5833,62.49,82.0,100.0,3.44,AU,1651182382
ilulissat,69.2167,-51.1,26.62,93.0,75.0,4.61,GL,1651182254
buala,-8.145,159.5921,83.17,77.0,93.0,5.23,SB,1651182383
scarborough,54.2797,-0.4044,40.78,86.0,100.0,3.0,GB,1651182383
rodrigues alves,-7.738,-72.6509,80.8,92.0,97.0,1.59,BR,1651182384
berezovka,53.7214,25.4993,36.43,65.0,28.0,2.73,BY,1651182384
saint-pierre,-21.3393,55.4781,74.91,74.0,20.0,6.91,RE,1651182385
banjar,-8.19,114.9675,77.74,91.0,89.0,4.43,ID,1651182385
gelemso,8.8167,40.5167,62.62,75.0,33.0,7.18,ET,1651182386
gigmoto,13.7796,124.39,79.5,88.0,74.0,8.12,PH,1651182386
ostrovnoy,68.0531,39.5131,20.98,78.0,100.0,22.35,RU,1651182387
yenagoa,4.9247,6.2642,77.05,92.0,99.0,3.2,NG,1651182387
fortuna,40.5982,-124.1573,61.93,59.0,20.0,12.66,US,1651182145
tranas,58.0372,14.9782,33.39,54.0,62.0,2.01,SE,1651182388
morehead,37.2711,-87.1764,75.78,27.0,0.0,3.44,US,1651182388
tubuala,9.5167,-79.0333,78.33,89.0,100.0,4.23,PA,1651182388
komsomolskiy,40.4272,71.7189,61.52,67.0,97.0,9.22,UZ,1651182389
seydi,39.4816,62.9137,74.37,27.0,6.0,10.31,TM,1651182390
karema,-6.8205,30.4389,69.22,89.0,50.0,6.85,TZ,1651182390
kaeo,-35.1,173.7833,60.33,98.0,7.0,10.74,NZ,1651182390
kande,9.9578,1.0447,77.34,57.0,99.0,2.19,TG,1651182391
jiangyou,31.7667,104.7167,64.76,75.0,100.0,2.53,CN,1651182391
havelock,34.8791,-76.9013,69.75,29.0,0.0,11.5,US,1651182158
ayan,56.45,138.1667,32.7,69.0,100.0,11.36,RU,1651182392
guarapari,-20.6667,-40.4975,78.89,85.0,0.0,8.81,BR,1651182392
paragominas,-2.9667,-47.4833,74.05,97.0,100.0,3.49,BR,1651182393
kendari,-3.945,122.4989,74.8,95.0,88.0,2.93,ID,1651182393
victor harbor,-35.5667,138.6167,63.68,85.0,100.0,8.88,AU,1651182394
murchison,-41.8,172.3333,58.8,67.0,51.0,0.85,NZ,1651182394
muscat,23.6139,58.5922,87.82,46.0,7.0,5.75,OM,1651182160
concepcion del oro,24.6333,-101.4167,77.54,16.0,43.0,6.69,MX,1651182395
el dorado,38.7666,-120.5177,59.41,43.0,1.0,3.0,US,1651182395
kisanga,-7.4362,37.7034,70.74,95.0,29.0,3.96,TZ,1651182396
balilihan,9.7561,123.973,76.01,93.0,99.0,4.79,PH,1651182396
gorontalo,0.5412,123.0595,75.74,89.0,98.0,1.88,ID,1651182397
kudahuvadhoo,2.6708,72.8944,84.15,73.0,76.0,8.25,MV,1651182397
klaksvik,62.2266,-6.589,43.72,82.0,12.0,4.03,FO,1651182398
cayambe,0.05,-78.1333,54.66,92.0,100.0,3.47,EC,1651182398
itambacuri,-18.0311,-41.685,73.17,83.0,96.0,2.64,BR,1651182398
iisalmi,63.5592,27.1907,23.5,95.0,80.0,4.54,FI,1651182399
mayo,38.8876,-76.5119,60.94,30.0,0.0,12.66,US,1651182240
samut songkhram,13.4,99.9583,80.98,84.0,100.0,5.1,TH,1651182399
lata,40.1629,-8.3327,52.77,86.0,42.0,2.19,PT,1651182400
salalah,17.0151,54.0924,84.29,79.0,75.0,5.75,OM,1651182266
surok,56.4469,48.1214,28.92,73.0,65.0,3.83,RU,1651182400
ossora,59.2353,163.0719,31.84,98.0,100.0,18.95,RU,1651182401
byron bay,-28.65,153.6167,67.89,86.0,79.0,2.73,AU,1651182151
itajuba,-22.4256,-45.4528,73.35,74.0,0.0,1.83,BR,1651182401
korla,41.7597,86.1469,50.79,57.0,88.0,6.38,CN,1651182402
takapau,-40.0333,176.35,54.73,68.0,74.0,3.29,NZ,1651182402
creel,27.75,-107.6333,70.9,11.0,0.0,20.51,MX,1651182403
natal,-5.795,-35.2094,82.62,83.0,75.0,11.5,BR,1651182262
waverly,42.7392,-84.6208,55.33,30.0,0.0,9.22,US,1651182404
henties bay,-22.116,14.2845,64.71,66.0,4.0,1.77,NA,1651182404
birobidzhan,48.8,132.95,41.7,48.0,25.0,6.38,RU,1651182404
zaigrayevo,51.8336,108.2703,26.64,70.0,0.0,4.0,RU,1651182405
acapulco,16.8634,-99.8901,87.26,52.0,4.0,12.82,MX,1651182277
ambon,-3.6954,128.1814,75.34,100.0,40.0,0.0,ID,1651182405
banda aceh,5.5577,95.3222,80.73,81.0,82.0,6.6,ID,1651182406
topchanchi,23.9,86.2,81.54,60.0,0.0,5.08,IN,1651182406
disna,55.568,28.1971,34.63,62.0,40.0,5.86,BY,1651182407
mapiripan,2.8892,-72.1256,79.48,87.0,98.0,2.39,CO,1651182407
port hawkesbury,45.6169,-61.3485,44.96,93.0,100.0,11.5,CA,1651182408
akyab,20.15,92.9,80.04,87.0,23.0,5.23,MM,1651182408
haines junction,60.7522,-137.5108,42.75,70.0,100.0,3.44,CA,1651182408
suntar,62.1444,117.6319,29.98,88.0,100.0,3.18,RU,1651182409
kargopol,61.5071,38.9456,23.43,97.0,40.0,4.0,RU,1651182409
bahir dar,11.5936,37.3908,71.4,23.0,1.0,4.79,ET,1651182410
kyzyl-suu,42.3414,78.0056,43.72,35.0,0.0,9.1,KG,1651182410
obo,5.3998,26.4869,67.86,96.0,100.0,4.54,CF,1651182411
nizwa,22.9333,57.5333,82.63,41.0,46.0,2.33,OM,1651182411
pashiya,58.4324,58.2562,29.1,84.0,93.0,9.71,RU,1651182411
coahuayana,18.7333,-103.6833,88.79,44.0,0.0,6.76,MX,1651182412
sinnamary,5.3833,-52.95,78.75,84.0,60.0,10.85,GF,1651182412
wuwei,37.9281,102.6414,51.22,53.0,100.0,9.31,CN,1651182413
yaan,7.3833,8.5667,78.84,69.0,62.0,5.21,NG,1651182413
mumbwa,-14.9783,27.0619,57.6,86.0,5.0,3.91,ZM,1651182414
dunedin,-45.8742,170.5036,52.0,78.0,1.0,2.21,NZ,1651182414
huarmey,-10.0681,-78.1522,70.3,81.0,97.0,8.9,PE,1651182414
san cristobal,7.7669,-72.225,75.38,75.0,87.0,0.96,VE,1651182415
anadyr,64.75,177.4833,28.9,80.0,0.0,4.47,RU,1651182415
honiara,-9.4333,159.95,83.07,73.0,96.0,3.29,SB,1651182416
niquelandia,-14.4739,-48.4597,77.83,50.0,17.0,3.33,BR,1651182416
